{"b3727": 21.678, "b1692": 2.915, "b2021": 3.465, "b3303": 201.457, "b3169": 49.868, "b1765": 6.421, "b2553": 9.345, "b2217": 45.99100000000001, "b0436": 87.678, "b2323": 29.066999999999997, "b3213": 66.49, "b3734": 51.586999999999996, "b0104": 9.2, "b3401": 9.267999999999999, "b0642": 11.149000000000001, "b0884": 64.585, "b0525": 49.492, "b2908": 22.206, "b4375": 4.004, "b2597": 83.84299999999999, "b1823": 1527.994, "b0168": 12.133, "b0015": 10.637, "b0437": 57.231, "b0968": 2.552, "b4090": 1.923, "b2962": 18.832, "b3743": 7.06, "b3640": 14.165999999999999, "b2592": 20.191, "b1703": 2.824, "b0918": 3.341, "b2954": 6.627999999999999, "b4396": 2.7510000000000003, "b2581": 2.625, "b4354": 52.291000000000004, "b3212": 19.072, "b2114": 11.174000000000001, "b1049": 5.362, "b4000": 101.20700000000001, "b4045": 27.087, "b2585": 13.729000000000001, "b1555": 60.916000000000004, "b1763": 1.663, "b4161": 2.5380000000000003, "b1215": 13.059000000000001, "b3180": 22.523000000000003, "b0893": 27.179000000000002, "b1163": 1.595, "b3612": 10.51, "b0420": 6.235, "b1480": 387.86300000000006, "b0993": 2.677, "b0109": 4.175, "b2569": 6.976, "b4113": 6.9110000000000005, "b1702": 16.867, "b0098": 7.894, "b1557": 8.016, "b2264": 1.587, "b1055": 11.392999999999999, "b0726": 23.641, "b0357": 26.816, "b1864": 19.631, "b2288": 8.662, "b2296": 23.088, "b0882": 27.368000000000002, "b3041": 22.809, "b0922": 1.7269999999999999, "b0924": 5.811, "b0683": 18.046, "b1487": 5.152, "b2890": 19.351, "b0094": 6.42, "b0439": 20.174, "b3389": 4.437, "b2231": 13.792, "b0643": 7.367000000000001, "b2925": 89.01799999999999, "b3279": 8.691, "b3871": 8.437000000000001, "b3019": 4.115, "b3708": 53.839, "b2215": 2.98, "b1779": 357.61300000000006, "b1376": 27.386999999999997, "b4174": 9.811, "b0492": 19.331, "b2961": 1.255, "b2779": 68.593, "b2518": 22.471, "b2297": 7.966, "b0032": 103.059, "b2286": 3.405, "b0687": 5.745, "b1200": 8.802999999999999, "b2299": 3.947, "b2094": 5.091, "b0866": 7.75, "b1818": 22.663, "b0637": 14.889000000000001, "b3619": 20.086, "b2926": 87.795, "b0907": 30.403000000000002, "b0623": 574.674, "b3167": 10.954, "b1625": 8.046, "b3210": 5.3229999999999995, "b0170": 98.054, "b3735": 9.887, "b1731": 1.216, "b1269": 8.198, "b2942": 47.653999999999996, "b1095": 11.822000000000001, "b0351": 4.218, "b1117": 16.659000000000002, "b1288": 39.639, "b2243": 2.891, "b1251": 11.305, "b1852": 21.936999999999998, "b0471": 16.744, "b1393": 2.023, "b0526": 12.072000000000001, "b0607": 19.945, "b2960": 5.087, "b4372": 1.732, "b4383": 27.679000000000002, "b3244": 6.15, "b1866": 18.8, "b2514": 7.959, "b3649": 87.70700000000001, "b3919": 94.792, "b0440": 246.801, "b1131": 15.88, "b2171": 18.084, "b1831": 14.652000000000001, "b1207": 91.447, "b0426": 17.203, "b1654": 69.35, "b1133": 7.058, "b0878": 2.16, "b4255": 74.05, "b1651": 10.806, "b1341": 4.513999999999999, "b1778": 10.886, "b1740": 4.198, "b3205": 4.809, "b3426": 9.991, "b2567": 12.878, "b0662": 2.1919999999999997, "b2095": 91.007, "b1732": 21.448, "b0686": 2.062, "b0838": 29.397, "b3980": 381.35, "b3863": 5.16, "b1886": 3.167, "b0014": 353.05800000000005, "b2079": 1.3630000000000002, "b1854": 11.629000000000001, "b0903": 57.757, "b0031": 5.928999999999999, "b1767": 3.7319999999999998, "b1817": 10.822000000000001, "b2234": 63.373000000000005, "b0180": 30.208000000000002, "b3512": 39.937, "b0680": 6.959, "b3462": 3.946, "b3384": 12.293, "b2530": 120.88, "b3189": 8.509, "b3836": 55.475, "b0178": 2.608, "b2697": 12.091, "b3164": 150.014, "b1103": 9.522, "b3229": 31.726, "b2458": 1.401, "b4172": 228.358, "b3602": 4.553999999999999, "b4226": 50.888000000000005, "b2096": 14.072000000000001, "b0932": 15.475999999999999, "b0179": 10.421, "b4129": 37.971, "b3648": 4.146, "b2411": 2.986, "b1896": 8.721, "b4127": 13.559000000000001, "b4035": 14.477, "b3931": 26.801, "b3732": 82.251, "b3553": 7.507000000000001, "b0948": 2.101, "b3725": 30.395, "b2838": 2.8560000000000003, "b0237": 15.555, "b3147": 1.952, "b3408": 20.178, "b4142": 295.38599999999997, "b4258": 9.177999999999999, "b0474": 87.656, "b3178": 7.166}