{"b3405": 12.822000000000001, "b3929": 1.252, "b1692": 2.915, "b1969": 1.589, "b0421": 3.375, "b3172": 6.809, "b2341": 0.91, "b1687": 3.136, "b0081": 1.574, "b4375": 4.004, "b3499": 1.829, "b4090": 1.923, "b0569": 3.022, "b3417": 1.77, "b2217": 45.99100000000001, "b2579": 39.641999999999996, "b0436": 87.678, "b1250": 5.099, "b0356": 6.724, "b4207": 17.875999999999998, "b3733": 7.287999999999999, "b2232": 3.011, "b1086": 2.208, "b3574": 3.63, "b1273": 15.607000000000001, "b3340": 47.875, "b0954": 86.553, "b3997": 5.153, "b1991": 1.742, "b4180": 2.8810000000000002, "b2093": 5.255, "b3281": 2.6289999999999996, "b0525": 49.492, "b3198": 8.507, "b3526": 4.788, "b2168": 6.38, "b3940": 5.606, "b1685": 45.974, "b3702": 5.021, "b2597": 83.84299999999999, "b3203": 37.773, "b0233": 2.4019999999999997, "b3205": 4.809, "b4187": 5.138, "b0391": 32.923, "b0437": 57.231, "b1564": 6.577000000000001, "b0968": 2.552, "b3816": 3.165, "b3746": 2.497, "b1638": 5.492000000000001, "b0756": 8.363, "b2159": 2.64, "b2592": 20.191, "b1703": 2.824, "b3426": 9.991, "b0801": 10.021, "b2251": 1.079, "b1091": 9.235, "b4396": 2.7510000000000003, "b4139": 4.168, "b1233": 2.267, "b1234": 2.282, "b2581": 2.625, "b3998": 2.8989999999999996, "b3556": 171.696, "b0120": 11.450999999999999, "b0662": 2.1919999999999997, "b1049": 5.362, "b1226": 0.988, "b2831": 0.9440000000000001, "b3041": 22.809, "b2585": 13.729000000000001, "b0481": 5.074, "b1274": 5.7829999999999995, "b1555": 60.916000000000004, "b2436": 2.06, "b0779": 1.949, "b4161": 2.5380000000000003, "b1914": 5.625, "b1748": 8.58, "b3362": 2.668, "b1109": 13.764000000000001, "b3389": 4.437, "b2518": 22.471, "b3019": 4.115, "b3223": 1.705, "b2026": 2.418, "b4362": 2.998, "b2553": 9.345, "b0389": 6.695, "b0993": 2.677, "b0109": 4.175, "b0143": 6.547000000000001, "b2459": 2.862, "b2569": 6.976, "b0965": 4.591, "b4113": 6.9110000000000005, "b0118": 43.583999999999996, "b1702": 16.867, "b0098": 7.894, "b2696": 77.983, "b3671": 2.5540000000000003, "b1020": 3.529, "b0187": 3.74, "b3745": 1.016, "b0726": 23.641, "b0357": 26.816, "b0352": 4.91, "b1864": 19.631, "b4226": 50.888000000000005, "b3509": 1.208, "b4372": 1.732, "b2285": 5.904, "b2745": 2.369, "b2890": 19.351, "b2547": 4.005, "b0133": 6.216, "b2804": 1.944, "b0924": 5.811, "b3503": 3.802, "b1487": 5.152, "b3073": 3.667, "b1501": 1.921, "b0114": 908.189, "b2925": 89.01799999999999, "b3091": 2.825, "b2875": 3.165, "b3708": 53.839, "b1269": 8.198, "b4354": 52.291000000000004, "b4174": 9.811, "b0952": 2.293, "b2266": 253.946, "b4237": 2.685, "b2137": 4.321000000000001, "b0676": 4.678999999999999, "b0032": 103.059, "b2286": 3.405, "b0687": 5.745, "b1129": 1.364, "b1004": 62.115, "b1723": 5.132999999999999, "b0182": 1.754, "b2661": 7.184, "b0471": 16.744, "b2874": 6.343, "b4117": 1.2109999999999999, "b0948": 2.101, "b3871": 8.437000000000001, "b0819": 2.585, "b3858": 7.143, "b2916": 8.585, "b2888": 2.5669999999999997, "b3401": 9.267999999999999, "b3938": 36.302, "b1625": 8.046, "b2187": 19.521, "b0170": 98.054, "b2096": 14.072000000000001, "b0785": 1.492, "b0156": 23.436, "b3259": 2.175, "b4221": 2.28, "b0099": 1.306, "b3912": 6.89, "b2942": 47.653999999999996, "b0928": 32.405, "b3126": 1.619, "b4209": 4.558, "b3699": 26.105, "b1117": 16.659000000000002, "b1288": 39.639, "b1251": 11.305, "b3279": 8.691, "b3916": 21.476999999999997, "b2819": 1.0590000000000002, "b3244": 6.15, "b3965": 4.845, "b0429": 14.004000000000001, "b1258": 20.27, "b4297": 1.5230000000000001, "b3704": 4.527, "b1538": 4.605, "b3780": 6.231, "b3838": 3.7119999999999997, "b1866": 18.8, "b2514": 7.959, "b3500": 1.5290000000000001, "b0115": 86.162, "b1107": 1.511, "b3980": 381.35, "b3928": 533.317, "b0492": 19.331, "b0440": 246.801, "b0597": 9.98, "b3676": 2.952, "b3987": 89.63799999999999, "b0586": 3.84, "b1831": 14.652000000000001, "b2297": 7.966, "b1672": 1.5190000000000001, "b0426": 17.203, "b3650": 3.485, "b2673": 78.45100000000001, "b0878": 2.16, "b0890": 0.759, "b4255": 74.05, "b3178": 7.166, "b0171": 32.146, "b1778": 10.886, "b3611": 2.279, "b2779": 68.593, "b2231": 13.792, "b2688": 3.3339999999999996, "b0454": 1.2109999999999999, "b3105": 4.785, "b2301": 11.235999999999999, "b2567": 12.878, "b1598": 2.2680000000000002, "b2095": 91.007, "b4367": 4.283, "b0684": 52.883, "b3228": 4.955, "b0838": 29.397, "b3146": 4.415, "b0493": 6.398, "b1120": 4.292, "b1854": 11.629000000000001, "b2908": 22.206, "b0688": 8.925, "b2183": 5.184, "b3211": 2.6060000000000003, "b4058": 2.0069999999999997, "b0031": 5.928999999999999, "b0420": 6.235, "b3479": 3.8289999999999997, "b0628": 6.901, "b2467": 4.928999999999999, "b2935": 54.317, "b0190": 1.569, "b3176": 105.27600000000001, "b0163": 21.256, "b2234": 63.373000000000005, "b0180": 30.208000000000002, "b3512": 39.937, "b0680": 6.959, "b0085": 3.108, "b0048": 5.502000000000001, "b1003": 21.918000000000003, "b3183": 5.106, "b3617": 5.311, "b3581": 1.9969999999999999, "b1200": 8.802999999999999, "b4384": 40.374, "b2960": 5.087, "b4386": 2.458, "b0197": 2.3569999999999998, "b2903": 18.055999999999997, "b0407": 230.877, "b0015": 10.637, "b3602": 4.553999999999999, "b3544": 1.385, "b0978": 1.685, "b3999": 5.034, "b2349": 0.794, "b3054": 3.26, "b0581": 2.075, "b3472": 1.196, "b3639": 14.206, "b1539": 17.754, "b0807": 3.81, "b0179": 10.421, "b1749": 1.528, "b0643": 7.367000000000001, "b4052": 5.255, "b4243": 552.696, "b4376": 3.555, "b1100": 1.49, "b2465": 19.075, "b2411": 2.986, "b3910": 3.835, "b1896": 8.721, "b0620": 3.147, "b3609": 107.135, "b3619": 20.086, "b3931": 26.801, "b4383": 27.679000000000002, "b3967": 2.276, "b1818": 22.663, "b0090": 1.147, "b3030": 2.742, "b1848": 94.677, "b1187": 3.8089999999999997, "b2838": 2.8560000000000003, "b0237": 15.555, "b3147": 1.952, "b1613": 3.306, "b0149": 2.088, "b0116": 109.035, "b2463": 9.312000000000001, "b3652": 1.617, "b1675": 5.556, "b1435": 10.745, "b3469": 2.4090000000000003, "b0474": 87.656, "b1033": 5.357, "b3098": 211.35299999999998, "b3387": 1.4880000000000002, "b3727": 21.678, "b3973": 1.75, "b1482": 0.725, "b0435": 13.690999999999999, "b3594": 2.9389999999999996, "b2311": 6.837000000000001, "b2021": 3.465, "b2962": 18.832, "b1333": 8.74, "b2011": 1.327, "b1829": 3.6319999999999997, "b0082": 2.612, "b3169": 49.868, "b3950": 2.7039999999999997, "b1765": 6.421, "b0820": 3.214, "b0243": 7.112, "b4092": 1.445, "b1919": 3.707, "b3288": 3.286, "b1225": 3.525, "b3734": 51.586999999999996, "b0104": 9.2, "b0736": 18.787, "b3740": 2.839, "b0822": 2.2119999999999997, "b1846": 4.93, "b4127": 13.559000000000001, "b0927": 6.709, "b0642": 11.149000000000001, "b0880": 9.377, "b0884": 64.585, "b3772": 3.68, "b1114": 1.8969999999999998, "b4045": 27.087, "b0918": 3.341, "b4211": 3.491, "b4098": 5.593999999999999, "b1823": 1527.994, "b2954": 6.627999999999999, "b0428": 2.208, "b1257": 5.048, "b4094": 2.392, "b2515": 4.723, "b2290": 5.327999999999999, "b2207": 0.8859999999999999, "b2073": 1.324, "b0800": 10.26, "b3743": 7.06, "b3640": 14.165999999999999, "b2529": 91.615, "b0168": 12.133, "b0733": 242.332, "b4056": 7.897, "b0381": 3.6630000000000003, "b4178": 5.34, "b0526": 12.072000000000001, "b0059": 3.3080000000000003, "b2114": 11.174000000000001, "b3866": 9.86, "b2551": 171.928, "b1197": 0.848, "b3148": 1.371, "b3961": 11.682, "b3649": 87.70700000000001, "b3180": 22.523000000000003, "b3212": 19.072, "b0755": 160.709, "b0594": 5.321000000000001, "b1215": 13.059000000000001, "b2616": 15.629000000000001, "b2727": 1.157, "b2530": 120.88, "b0893": 27.179000000000002, "b0221": 36.468, "b3612": 10.51, "b2594": 3.162, "b0659": 5.916, "b0999": 8.777000000000001, "b0107": 2.784, "b3349": 80.113, "b2726": 1.492, "b3190": 10.638, "b2793": 1.921, "b1967": 14.065999999999999, "b1624": 3.758, "b1557": 8.016, "b2667": 2.937, "b0631": 62.45399999999999, "b2264": 1.587, "b2315": 2.4819999999999998, "b1055": 11.392999999999999, "b3287": 8.05, "b3399": 4.7010000000000005, "b1099": 2.109, "b2557": 5.9110000000000005, "b2288": 8.662, "b1719": 132.368, "b2296": 23.088,