{"b0949": 2.582, "b1215": 13.059000000000001, "b2616": 15.629000000000001, "b3189": 8.509, "b2530": 120.88, "b1779": 357.61300000000006, "b0485": 6.018, "b4396": 2.7510000000000003, "b0990": 3.608, "b3399": 4.7010000000000005, "b2962": 18.832, "b2661": 7.184, "b2776": 2.495, "b2137": 4.321000000000001, "b2134": 0.9259999999999999, "b3833": 2.194, "b3115": 1.611, "b0168": 12.133, "b0878": 2.16, "b3732": 82.251, "b2007": 87.912, "b0922": 1.7269999999999999, "b4113": 6.9110000000000005, "b3963": 3.266, "b1014": 3.267, "b2436": 2.06, "b1187": 3.8089999999999997, "b2187": 19.521, "b2935": 54.317, "b0444": 3.926, "b0806": 1.5659999999999998, "b1649": 1.8219999999999998, "b0864": 6.564, "b2559": 2.449, "b2993": 1.1340000000000001, "b0094": 6.42, "b3931": 26.801, "b3210": 5.3229999999999995, "b0779": 1.949, "b1374": 1.571, "b1625": 8.046, "b0968": 2.552, "b0604": 2.9410000000000003, "b0726": 23.641, "b2926": 87.795, "b2890": 19.351, "b1410": 1.679, "b3416": 3.4410000000000003, "b3605": 2.9360000000000004, "b0174": 3.133, "b2954": 6.627999999999999, "b0456": 2.57, "b2029": 2.355, "b2099": 3.2510000000000003, "b2518": 22.471, "b3170": 5.267, "b1611": 4.66, "b0703": 2.09, "b3530": 5.301, "b0822": 2.2119999999999997, "b2566": 1.224, "b3866": 9.86, "b2501": 5.736000000000001, "b2803": 2.259, "b3743": 7.06, "b2511": 3.998, "b4386": 2.458, "b2411": 2.986, "b0212": 2.287, "b0827": 3.681, "b2262": 3.6719999999999997, "b3938": 36.302, "b4354": 52.291000000000004, "b2323": 29.066999999999997, "b0151": 1.402, "b2267": 0.985, "b0623": 574.674, "b0925": 1.284, "b1003": 21.918000000000003, "b2288": 8.662, "b4259": 4.1339999999999995, "b1211": 4.582, "b4035": 14.477, "b3538": 2.184, "b1480": 387.86300000000006, "b0219": 3.886, "b4377": 3.687, "b1748": 8.58, "b0059": 3.3080000000000003, "b1086": 2.208, "b3617": 5.311, "b3733": 7.287999999999999, "b0356": 6.724, "b2296": 23.088, "b0525": 49.492, "b0733": 242.332, "b3190": 10.638, "b3602": 4.553999999999999, "b0503": 4.405, "b3259": 2.175, "b1198": 4.446000000000001, "b3405": 12.822000000000001, "b3996": 1.672, "b2516": 2.665, "b0514": 1.617, "b1593": 1.591, "b1675": 5.556, "b4052": 5.255, "b3041": 22.809, "b3203": 37.773, "b1613": 3.306, "b1049": 5.362, "b1257": 5.048, "b0568": 1.751, "b4467": 2.763, "b1719": 132.368, "b3895": 1.341, "b0421": 3.375, "b2234": 63.373000000000005, "b0426": 17.203, "b0493": 6.398, "b2696": 77.983, "b2597": 83.84299999999999, "b2925": 89.01799999999999, "b1120": 4.292, "b0182": 1.754, "b2581": 2.625, "b3167": 10.954, "b2140": 1.609, "b1040": 6.018, "b2421": 1.9140000000000001, "b3526": 4.788, "b1273": 15.607000000000001, "b3191": 7.477, "b1202": 3.84, "b3054": 3.26, "b0104": 9.2, "b4177": 40.302, "b4025": 22.98, "b2032": 10.407, "b2592": 20.191, "b1020": 3.529, "b3288": 3.286, "b3244": 6.15, "b0133": 6.216, "b1234": 2.282, "b3011": 3.109, "b3928": 533.317, "b3730": 10.009, "b3997": 5.153, "b1831": 14.652000000000001, "b0009": 3.514, "b1743": 1.284, "b0437": 57.231, "b1109": 13.764000000000001, "b2264": 1.587, "b0120": 11.450999999999999, "b3867": 1.9169999999999998, "b1398": 1.5859999999999999, "b3775": 2.124, "b4375": 4.004, "b2311": 6.837000000000001, "b3727": 21.678, "b4211": 3.491, "b3178": 7.166, "b3731": 1.151, "b0459": 2.5639999999999996, "b3553": 7.507000000000001, "b3389": 4.437, "b2266": 253.946, "b1119": 1.7009999999999998, "b0776": 2.5269999999999997, "b2065": 10.98, "b3588": 3.338, "b1991": 1.742, "b1678": 1.9, "b2297": 7.966, "b3460": 1.1840000000000002, "b1376": 27.386999999999997, "b1770": 11.997, "b0650": 2.436, "b1740": 4.198, "b1091": 9.235, "b1068": 2.673, "b2554": 1.439, "b3713": 6.42, "b0882": 27.368000000000002, "b0965": 4.591, "b0123": 5.521, "b0098": 7.894, "b3650": 3.485, "b0999": 8.777000000000001, "b3725": 30.395, "b0090": 1.147, "b3205": 4.809, "b3030": 2.742, "b3609": 107.135, "b1272": 5.265, "b1131": 15.88, "b3956": 30.451, "b0352": 4.91, "b2668": 10.172, "b1250": 5.099, "b1240": 1.594, "b0156": 23.436, "b2463": 9.312000000000001, "b3640": 14.165999999999999, "b3344": 0.935, "b3836": 55.475, "b0933": 1.835, "b1692": 2.915, "b3453": 2.784, "b0720": 17.887, "b3362": 2.668, "b0838": 29.397, "b3676": 2.952, "b3972": 2.56, "b3281": 2.6289999999999996, "b1415": 24.654, "b0642": 11.149000000000001, "b1891": 1.469, "b1112": 1.3840000000000001, "b0389": 6.695, "b2903": 18.055999999999997, "b1055": 11.392999999999999, "b1638": 5.492000000000001, "b1200": 8.802999999999999, "b0435": 13.690999999999999, "b1208": 1.99, "b1269": 8.198, "b0474": 87.656, "b2079": 1.3630000000000002, "b2064": 0.856, "b2040": 5.977, "b0118": 43.583999999999996, "b1651": 10.806, "b0756": 8.363, "b3704": 4.527, "b2523": 6.019, "b3967": 2.276, "b1434": 4.72, "b0662": 2.1919999999999997, "b0082": 2.612, "b4255": 74.05, "b3813": 2.346, "b2094": 5.091, "b2385": 1.56, "b2171": 18.084, "b0448": 2.753, "b0171": 32.146, "b2569": 6.976, "b4258": 9.177999999999999, "b0026": 8.148, "b3940": 5.606, "b1538": 4.605, "b2563": 2.2359999999999998, "b0742": 1.314, "b2584": 1.916, "b0688": 8.925, "b2907": 1.494, "b2827": 8.445, "b1207": 91.447, "b0237": 15.555, "b0101": 2.758, "b0170": 98.054, "b1341": 4.513999999999999, "b3649": 87.70700000000001, "b3527": 2.258, "b1703": 2.824, "b1913": 1.222, "b0918": 3.341, "b0932": 15.475999999999999, "b3860": 1.452, "b3581": 1.9969999999999999, "b0470": 2.5380000000000003, "b1536": 5.46, "b2745": 2.369, "b2908": 22.206, "b3702": 5.021, "b1108": 8.367, "b3887": 1.465, "b2594": 3.162, "b0978": 1.685, "b2949": 5.212000000000001, "b0819": 2.585, "b3734": 51.586999999999996, "b2688": 3.3339999999999996, "b3447": 0.843, "b3980": 381.35, "b2620": 2.081, "b0115": 86.162, "b0784": 1.672, "b4179": 17.235, "b2905": 8.392999999999999, "b0031": 5.928999999999999, "b3973": 1.75, "b3509": 1.208, "b0114": 908.189, "b3780": 6.231, "b0080": 3.302, "b4384": 40.374, "b3172": 6.809, "b2751": 3.495, "b0440": 246.801, "b0191": 1.615, "b0924": 5.811, "b1887": 1.479, "b4226": 50.888000000000005, "b2095": 91.007, "b1731": 1.216, "b2942": 47.653999999999996, "b1248": 2.859, "b1274": 5.7829999999999995, "b0436": 87.678, "b1487": 5.152, "b4170": 1.932, "b3148": 1.371, "b0420": 6.235, "b3771": 3.5589999999999997, "b3618": 1.97, "b3608": 3.6660000000000004, "b3223": 1.705, "b3746": 2.497, "b2021": 3.465, "b4139": 4.168, "b3728": 4.927, "b1851": 3.562, "b0107": 2.784, "b0526": 12.072000000000001, "b1676": 1.494, "b3212": 19.072, "b1103": 9.522, "b1914": 5.625, "b4045": 27.087, "b0357": 26.816, "b2285": 5.904, "b4175": 2.249, "b4207": 17.875999999999998, "b4168": 2.249, "b3965": 4.845, "b0226": 9.979, "b0109": 4.175, "b2093": 5.255, "b0865": 1.8530000000000002, "b2458": 1.401, "b3708": 53.839, "b0631": 62.45399999999999, "b1896": 8.721, "b0613": 0.802, "b3648": 4.146, "b0903": 57.757, "b3147": 1.952, "b1539": 17.754, "b2585": 13.729000000000001, "b2579": 39.641999999999996, "b1919": 3.707, "b2567": 12.878, "b3590": 1.485, "b0931": 5.037, "b4174": 9.811, "b2315": 2.4819999999999998, "b3916": 21.476999999999997, "b2976": 4.603, "b0063": 4.707, "b3512": 39.937, "b0880": 9.377, "b4161": 2.5380000000000003, "b0430": 5.688, "b0481": 5.074, "b0047": 0.847, "b0492": 19.331, "b2290": 5.327999999999999, "b0116": 109.035, "b0954": 86.553, "b3470": 2.346, "b1629": 1.179, "b2159": 2.64, "b0993": 2.677, "b3164": 150.014, "b1388": 1.8719999999999999, "b2960": 5.087, "b3487": 3.465, "b1685": 45.974, "b3619": 20.086, "b4222": 3.1, "b2961": 1.255, "b1004": 62.115, "b3556": 171.696, "b3652": 1.617, "b1767": 3.7319999999999998, "b1127": 2.804, "b1099": 2.109, "b2779": 68.593, "b2906": 4.513999999999999, "b4266": 4.55, "b0637": 14.889000000000001, "b1732": 21.448, "b3987": 89.63799999999999, "b4352": 5.981, "b2667": 2.937, "b0032": 103.059, "b3003": 5.011, "b4142": 295.38599999999997, "b1423": 1.555, "b3838": 3.7119999999999997, "b1090": 2.0869999999999997, "b4367": 4.283, "b1818": 22.663, "b2036": 25.758000000000003, "b2465": 19.075, "b3863": 5.16, "b1633": 1.3230000000000002, "b2746": 7.0889999999999995, "b4372": 1.732,