{"b3929": 1.252, "b1813": 1.109, "b3172": 6.809, "b1687": 3.136, "b0351": 4.218, "b0604": 2.9410000000000003, "b0569": 3.022, "b0436": 87.678, "b1250": 5.099, "b0356": 6.724, "b1208": 1.99, "b3733": 7.287999999999999, "b3401": 9.267999999999999, "b1991": 1.742, "b4327": 2.079, "b2093": 5.255, "b0525": 49.492, "b1290": 1.5490000000000002, "b2168": 6.38, "b1685": 45.974, "b2597": 83.84299999999999, "b3728": 4.927, "b3340": 47.875, "b0968": 2.552, "b0632": 1.452, "b3746": 2.497, "b1719": 132.368, "b3810": 2.551, "b3751": 3.468, "b3734": 51.586999999999996, "b1703": 2.824, "b3581": 1.9969999999999999, "b0918": 3.341, "b1091": 9.235, "b1234": 2.282, "b3556": 171.696, "b0120": 11.450999999999999, "b2831": 0.9440000000000001, "b3375": 1.151, "b2585": 13.729000000000001, "b0481": 5.074, "b1274": 5.7829999999999995, "b1555": 60.916000000000004, "b0779": 1.949, "b3771": 3.5589999999999997, "b1914": 5.625, "b2594": 3.162, "b3362": 2.668, "b1109": 13.764000000000001, "b0179": 10.421, "b3223": 1.705, "b4058": 2.0069999999999997, "b4258": 9.177999999999999, "b4172": 228.358, "b3916": 21.476999999999997, "b4113": 6.9110000000000005, "b0098": 7.894, "b3605": 2.9360000000000004, "b3671": 2.5540000000000003, "b1020": 3.529, "b1668": 4.109, "b2955": 1.886, "b3745": 1.016, "b0357": 26.816, "b0352": 4.91, "b1864": 19.631, "b0838": 29.397, "b2323": 29.066999999999997, "b2745": 2.369, "b2843": 2.013, "b3041": 22.809, "b2804": 1.944, "b0924": 5.811, "b0703": 2.09, "b1487": 5.152, "b3073": 3.667, "b0114": 908.189, "b2309": 0.875, "b4207": 17.875999999999998, "b1269": 8.198, "b0952": 2.293, "b4387": 1.39, "b2262": 3.6719999999999997, "b2443": 1.8969999999999998, "b0032": 103.059, "b2301": 11.235999999999999, "b1633": 1.3230000000000002, "b4367": 4.283, "b1723": 5.132999999999999, "b3973": 1.75, "b4003": 2.224, "b2261": 1.032, "b0907": 30.403000000000002, "b3396": 1.051, "b3938": 36.302, "b1625": 8.046, "b0170": 98.054, "b3803": 1.694, "b3912": 6.89, "b0928": 32.405, "b4039": 1.278, "b2293": 3.764, "b0042": 2.582, "b1014": 3.267, "b1117": 16.659000000000002, "b1288": 39.639, "b1251": 11.305, "b1779": 357.61300000000006, "b2819": 1.0590000000000002, "b4301": 1.605, "b0429": 14.004000000000001, "b0209": 2.572, "b1258": 20.27, "b4252": 7.271, "b0844": 1.86, "b3727": 21.678, "b3500": 1.5290000000000001, "b0115": 86.162, "b1107": 1.511, "b3980": 381.35, "b4097": 6.808, "b3399": 4.7010000000000005, "b4139": 4.168, "b3987": 89.63799999999999, "b0586": 3.84, "b2297": 7.966, "b1672": 1.5190000000000001, "b4255": 74.05, "b3178": 7.166, "b0171": 32.146, "b1778": 10.886, "b1361": 2.679, "b0905": 2.8930000000000002, "b3205": 4.809, "b0454": 1.2109999999999999, "b2567": 12.878, "b2095": 91.007, "b3478": 3.596, "b0684": 52.883, "b2234": 63.373000000000005, "b3574": 3.63, "b4051": 6.184, "b1294": 1.052, "b4278": 1.413, "b0891": 0.7070000000000001, "b3465": 2.938, "b2011": 1.327, "b4253": 1.232, "b3479": 3.8289999999999997, "b0163": 21.256, "b3228": 4.955, "b0180": 30.208000000000002, "b0680": 6.959, "b4098": 5.593999999999999, "b0048": 5.502000000000001, "b1003": 21.918000000000003, "b1280": 4.012, "b3183": 5.106, "b3939": 6.436, "b0387": 3.4610000000000003, "b1087": 4.632, "b0101": 2.758, "b3416": 3.4410000000000003, "b0407": 230.877, "b1341": 4.513999999999999, "b0156": 23.436, "b3602": 4.553999999999999, "b2094": 5.091, "b0978": 1.685, "b3999": 5.034, "b0866": 7.75, "b3639": 14.206, "b1539": 17.754, "b0807": 3.81, "b1749": 1.528, "b0643": 7.367000000000001, "b4243": 552.696, "b0430": 5.688, "b1100": 1.49, "b1564": 6.577000000000001, "b0886": 1.788, "b1211": 4.582, "b1896": 8.721, "b0620": 3.147, "b2255": 2.8739999999999997, "b1272": 5.265, "b3931": 26.801, "b2511": 3.998, "b4383": 27.679000000000002, "b1818": 22.663, "b2803": 2.259, "b0948": 2.101, "b4177": 40.302, "b1848": 94.677, "b1468": 1.7519999999999998, "b0197": 2.3569999999999998, "b2926": 87.795, "b0877": 1.817, "b2516": 2.665, "b1435": 10.745, "b2079": 1.3630000000000002, "b3098": 211.35299999999998, "b3611": 2.279, "b0435": 13.690999999999999, "b2021": 3.465, "b3702": 5.021, "b3860": 1.452, "b1333": 8.74, "b2903": 18.055999999999997, "b2366": 2.6319999999999997, "b3169": 49.868, "b3003": 5.011, "b1765": 6.421, "b2553": 9.345, "b2119": 1.7469999999999999, "b3343": 1.025, "b3650": 3.485, "b2097": 1.5519999999999998, "b1327": 3.5669999999999997, "b0104": 9.2, "b0736": 18.787, "b3740": 2.839, "b1846": 4.93, "b0927": 6.709, "b1538": 4.605, "b0880": 9.377, "b2554": 1.439, "b0884": 64.585, "b3772": 3.68, "b2370": 22.256, "b0801": 10.021, "b2729": 1.141, "b2954": 6.627999999999999, "b0428": 2.208, "b4094": 2.392, "b0914": 2.259, "b4090": 1.923, "b2207": 0.8859999999999999, "b3030": 2.742, "b3640": 14.165999999999999, "b0059": 3.3080000000000003, "b2114": 11.174000000000001, "b2551": 171.928, "b1197": 0.848, "b3148": 1.371, "b0755": 160.709, "b4298": 4.059, "b0581": 2.075, "b3180": 22.523000000000003, "b0085": 3.108, "b3612": 10.51, "b0999": 8.777000000000001, "b0107": 2.784, "b2726": 1.492, "b2793": 1.921, "b1624": 3.758, "b1557": 8.016, "b2667": 2.937, "b0631": 62.45399999999999, "b2264": 1.587, "b2949": 5.212000000000001, "b1055": 11.392999999999999, "b0211": 1.965, "b1099": 2.109, "b3517": 234.68, "b2288": 8.662, "b0882": 27.368000000000002, "b4129": 37.971, "b1430": 2.938, "b0922": 1.7269999999999999, "b1763": 1.663, "b2865": 2.8760000000000003, "b2890": 19.351, "b0094": 6.42, "b3686": 58.825, "b1371": 1.581, "b4168": 2.249, "b3019": 4.115, "b2284": 37.92, "b2215": 2.98, "b3281": 2.6289999999999996, "b3730": 10.009, "b1376": 27.386999999999997, "b0892": 1.96, "b2961": 1.255, "b0226": 9.979, "b2559": 2.449, "b4348": 1.1520000000000001, "b3848": 0.9209999999999999, "b1817": 10.822000000000001, "b2478": 0.9129999999999999, "b3867": 1.9169999999999998, "b2300": 8.146, "b0015": 10.637, "b2600": 2.298, "b3775": 2.124, "b0836": 3.753, "b2523": 6.019, "b0784": 1.672, "b3071": 40.118, "b3170": 5.267, "b3167": 10.954, "b2411": 2.986, "b3213": 66.49, "b3210": 5.3229999999999995, "b1449": 8.759, "b1768": 3.827, "b3957": 2.623, "b4299": 0.988, "b0628": 6.901, "b1552": 20.581, "b3462": 3.946, "b4313": 1.989, "b1852": 21.936999999999998, "b2844": 2.56, "b1393": 2.023, "b2176": 1.494, "b0607": 19.945, "b2960": 5.087, "b4372": 1.732, "b0127": 2.699, "b1162": 2.032, "b3919": 94.792, "b1748": 8.58, "b0449": 1.103, "b3146": 4.415, "b1423": 1.555, "b3998": 2.8989999999999996, "b0720": 17.887, "b2507": 1672.371, "b0822": 2.2119999999999997, "b1108": 8.367, "b2267": 0.985, "b2688": 3.3339999999999996, "b3426": 9.991, "b1119": 1.7009999999999998, "b3229": 31.726, "b0662": 2.1919999999999997, "b0212": 2.287, "b3389": 4.437, "b1648": 2.983, "b4234": 6.803999999999999, "b3162": 10.776, "b0794": 1.344, "b1886": 3.167, "b4170": 1.932, "b3996": 1.672, "b3783": 333.23, "b0542": 0.893, "b0903": 57.757, "b3056": 2.9739999999999998, "b2951": 3.745, "b0597": 9.98, "b2673": 78.45100000000001, "b4346": 2.122, "b1131": 15.88, "b0400": 1.706, "b2786": 1.3769999999999998, "b0812": 0.934, "b2690": 2.588, "b2717": 2.696, "b2283": 3.464, "b2620": 2.081, "b4349": 2.306, "b2697": 12.091, "b1207": 91.447, "b1103": 9.522, "b2458": 1.401, "b0503": 4.405, "b2463": 9.312000000000001, "b3706": 906.654, "b2813": 1.5530000000000002, "b2096": 14.072000000000001, "b3813": 2.346, "b2007": 87.912, "b4025": 22.98, "b3963": 3.266, "b1391": 1.075, "b1654": 69.35, "b2905": 8.392999999999999, "b3648": 4.146, "b0144": 1.068, "b4222": 3.1, "b3781": 61.034, "b4035": 14.477, "b3732": 82.251, "b0864": 6.564, "b3259": 2.175, "b3858": 7.143, "b0439": 20.174, "b3956": 30.451, "b1015": 4.109, "b1295": 7.502000000000001, "b3202": 6.097, "b3387": 1.4880000000000002, "b3856": 1.2919999999999998, "b1651": 10.806, "b3405": 12.822000000000001, "b3871": 8.437000000000001, "b1692": 2.915, "b1969": 1.589, "b0421": 3.375, "b2341": 0.91, "b0081": 1.574, "b1040": 6.018, "b3417": 1.77, "b0887": 2.345, "b2217": 45.99100000000001, "b2579": 39.641999999999996, "b2285": 5.904, "b0191": 1.615, "b1086": 2.208,