{"b3405": 12.822000000000001, "b1692": 2.915, "b0421": 3.375, "b3229": 31.726, "b4375": 4.004, "b0569": 3.022, "b2217": 45.99100000000001, "b0357": 26.816, "b1250": 5.099, "b2804": 1.944, "b4207": 17.875999999999998, "b3733": 7.287999999999999, "b4209": 4.558, "b0954": 86.553, "b3500": 1.5290000000000001, "b2093": 5.255, "b0525": 49.492, "b2908": 22.206, "b1685": 45.974, "b2597": 83.84299999999999, "b0233": 2.4019999999999997, "b2231": 13.792, "b4187": 5.138, "b0391": 32.923, "b0437": 57.231, "b3340": 47.875, "b0968": 2.552, "b3816": 3.165, "b1638": 5.492000000000001, "b2962": 18.832, "b2159": 2.64, "b2592": 20.191, "b1703": 2.824, "b2905": 8.392999999999999, "b2954": 6.627999999999999, "b1091": 9.235, "b4396": 2.7510000000000003, "b2581": 2.625, "b4354": 52.291000000000004, "b3556": 171.696, "b0120": 11.450999999999999, "b1049": 5.362, "b2547": 4.005, "b2585": 13.729000000000001, "b1274": 5.7829999999999995, "b1555": 60.916000000000004, "b0130": 2.531, "b1763": 1.663, "b4161": 2.5380000000000003, "b2285": 5.904, "b3362": 2.668, "b1668": 4.109, "b3389": 4.437, "b2518": 22.471, "b3730": 10.009, "b0993": 2.677, "b0109": 4.175, "b2569": 6.976, "b0474": 87.656, "b0965": 4.591, "b4113": 6.9110000000000005, "b0118": 43.583999999999996, "b1702": 16.867, "b0098": 7.894, "b2696": 77.983, "b0684": 52.883, "b3940": 5.606, "b0726": 23.641, "b0436": 87.678, "b0352": 4.91, "b1864": 19.631, "b4226": 50.888000000000005, "b0838": 29.397, "b4372": 1.732, "b2323": 29.066999999999997, "b2745": 2.369, "b2765": 5.034, "b3041": 22.809, "b0133": 6.216, "b0924": 5.811, "b3997": 5.153, "b1487": 5.152, "b0114": 908.189, "b2925": 89.01799999999999, "b3091": 2.825, "b3708": 53.839, "b1269": 8.198, "b0492": 19.331, "b2137": 4.321000000000001, "b0643": 7.367000000000001, "b0032": 103.059, "b2286": 3.405, "b0687": 5.745, "b4367": 4.283, "b2232": 3.011, "b4117": 1.2109999999999999, "b3871": 8.437000000000001, "b0907": 30.403000000000002, "b3938": 36.302, "b1625": 8.046, "b2187": 19.521, "b0170": 98.054, "b0785": 1.492, "b0156": 23.436, "b3912": 6.89, "b2942": 47.653999999999996, "b0928": 32.405, "b3699": 26.105, "b1117": 16.659000000000002, "b1288": 39.639, "b1251": 11.305, "b3279": 8.691, "b3401": 9.267999999999999, "b0429": 14.004000000000001, "b1258": 20.27, "b0031": 5.928999999999999, "b0642": 11.149000000000001, "b4252": 7.271, "b3838": 3.7119999999999997, "b1866": 18.8, "b3727": 21.678, "b3649": 87.70700000000001, "b0115": 86.162, "b3980": 381.35, "b3928": 533.317, "b2875": 3.165, "b0440": 246.801, "b3676": 2.952, "b3987": 89.63799999999999, "b1831": 14.652000000000001, "b2297": 7.966, "b0426": 17.203, "b0878": 2.16, "b3965": 4.845, "b4255": 74.05, "b0927": 6.709, "b0171": 32.146, "b1778": 10.886, "b4127": 13.559000000000001, "b2779": 68.593, "b3205": 4.809, "b2567": 12.878, "b2095": 91.007, "b0686": 2.062, "b2234": 63.373000000000005, "b3574": 3.63, "b0493": 6.398, "b1120": 4.292, "b1854": 11.629000000000001, "b3211": 2.6060000000000003, "b4058": 2.0069999999999997, "b0526": 12.072000000000001, "b0420": 6.235, "b2467": 4.928999999999999, "b2935": 54.317, "b1817": 10.822000000000001, "b0163": 21.256, "b3228": 4.955, "b0180": 30.208000000000002, "b3512": 39.937, "b0680": 6.959, "b0085": 3.108, "b3462": 3.946, "b1003": 21.918000000000003, "b0048": 5.502000000000001, "b4035": 14.477, "b2465": 19.075, "b0407": 230.877, "b3183": 5.106, "b1341": 4.513999999999999, "b0471": 16.744, "b3602": 4.553999999999999, "b2349": 0.794, "b2727": 1.157, "b1539": 17.754, "b0179": 10.421, "b3517": 234.68, "b4129": 37.971, "b4052": 5.255, "b4243": 552.696, "b2948": 4.985, "b1564": 6.577000000000001, "b2411": 2.986, "b1896": 8.721, "b0620": 3.147, "b3609": 107.135, "b3963": 3.266, "b3931": 26.801, "b4383": 27.679000000000002, "b3553": 7.507000000000001, "b0662": 2.1919999999999997, "b4177": 40.302, "b0756": 8.363, "b2838": 2.8560000000000003, "b0237": 15.555, "b3147": 1.952, "b2926": 87.795, "b0149": 2.088, "b0116": 109.035, "b1378": 2.9539999999999997, "b1675": 5.556, "b4142": 295.38599999999997, "b2888": 2.5669999999999997, "b3303": 201.457, "b0435": 13.690999999999999, "b3594": 2.9389999999999996, "b2311": 6.837000000000001, "b2021": 3.465, "b1333": 8.74, "b2251": 1.079, "b0082": 2.612, "b3169": 49.868, "b1765": 6.421, "b2553": 9.345, "b1020": 3.529, "b1919": 3.707, "b4174": 9.811, "b3734": 51.586999999999996, "b0104": 9.2, "b0736": 18.787, "b3244": 6.15, "b1538": 4.605, "b0884": 64.585, "b4045": 27.087, "b0918": 3.341, "b4211": 3.491, "b1823": 1527.994, "b4094": 2.392, "b2515": 4.723, "b4090": 1.923, "b4172": 228.358, "b1275": 5.257999999999999, "b3743": 7.06, "b3640": 14.165999999999999, "b0168": 12.133, "b0733": 242.332, "b4056": 7.897, "b0381": 3.6630000000000003, "b4178": 5.34, "b3212": 19.072, "b0059": 3.3080000000000003, "b2114": 11.174000000000001, "b2551": 171.928, "b4000": 101.20700000000001, "b4384": 40.374, "b0755": 160.709, "b0594": 5.321000000000001, "b1215": 13.059000000000001, "b3180": 22.523000000000003, "b0893": 27.179000000000002, "b0221": 36.468, "b3612": 10.51, "b1480": 387.86300000000006, "b3349": 80.113, "b3190": 10.638, "b1557": 8.016, "b2667": 2.937, "b0631": 62.45399999999999, "b2264": 1.587, "b1055": 11.392999999999999, "b1613": 3.306, "b2557": 5.9110000000000005, "b2288": 8.662, "b1719": 132.368, "b2296": 23.088, "b0882": 27.368000000000002, "b0922": 1.7269999999999999, "b3687": 88.896, "b2036": 25.758000000000003, "b0683": 18.046, "b3414": 30.258000000000003, "b2890": 19.351, "b0094": 6.42, "b4168": 2.249, "b3019": 4.115, "b2215": 2.98, "b1415": 24.654, "b1779": 357.61300000000006, "b1376": 27.386999999999997, "b0892": 1.96, "b2961": 1.255, "b0226": 9.979, "b3176": 105.27600000000001, "b0933": 1.835, "b1200": 8.802999999999999, "b1393": 2.023, "b2300": 8.146, "b2299": 3.947, "b2094": 5.091, "b0866": 7.75, "b0637": 14.889000000000001, "b3885": 4.072, "b3910": 3.835, "b3619": 20.086, "b2523": 6.019, "b2079": 1.3630000000000002, "b3071": 40.118, "b3170": 5.267, "b2976": 4.603, "b3167": 10.954, "b3213": 66.49, "b3210": 5.3229999999999995, "b3735": 9.887, "b1731": 1.216, "b1095": 11.822000000000001, "b3428": 5.784, "b0351": 4.218, "b4299": 0.988, "b1552": 20.581, "b2243": 2.891, "b3888": 3.62, "b1852": 21.936999999999998, "b3203": 37.773, "b2176": 1.494, "b0607": 19.945, "b2960": 5.087, "b2032": 10.407, "b0026": 8.148, "b2301": 11.235999999999999, "b2171": 18.084, "b2746": 7.0889999999999995, "b0080": 3.302, "b1162": 2.032, "b3919": 94.792, "b1131": 15.88, "b1088": 4.342, "b1649": 1.8219999999999998, "b1207": 91.447, "b2514": 7.959, "b1654": 69.35, "b1133": 7.058, "b0219": 3.886, "b1295": 7.502000000000001, "b2507": 1672.371, "b1651": 10.806, "b0015": 10.637, "b1818": 22.663, "b1740": 4.198, "b0058": 4.683, "b2830": 5.872999999999999, "b3287": 8.05, "b4221": 2.28, "b3426": 9.991, "b1163": 1.595, "b0948": 2.101, "b1732": 21.448, "b1648": 2.983, "b3251": 38.674, "b4234": 6.803999999999999, "b3162": 10.776, "b3863": 5.16, "b1886": 3.167, "b3807": 7.519, "b0014": 353.05800000000005, "b0623": 574.674, "b2668": 10.172, "b0903": 57.757, "b3399": 4.7010000000000005, "b2827": 8.445, "b1767": 3.7319999999999998, "b0999": 8.777000000000001, "b0009": 3.514, "b0400": 1.706, "b3972": 2.56, "b3339": 561.59, "b4258": 9.177999999999999, "b2530": 120.88, "b2580": 1.972, "b3967": 2.276, "b3189": 8.509, "b3836": 55.475, "b1449": 8.759, "b2717": 2.696, "b1983": 10.777000000000001, "b0660": 11.097999999999999, "b0178": 2.608, "b4349": 2.306, "b2697": 12.091, "b3164": 150.014, "b1103": 9.522, "b2458": 1.401, "b0503": 4.405, "b3866": 9.86, "b3706": 906.654, "b2096": 14.072000000000001, "b3813": 2.346, "b3916": 21.476999999999997, "b1892": 2.062, "b0658": 5.825, "b0932": 15.475999999999999, "b4025": 22.98, "b0676": 4.678999999999999, "b3648": 4.146, "b1667": 19.699, "b3400": 1.159, "b3732": 82.251, "b3384": 12.293, "b1863": 0.9670000000000001, "b3259": 2.175, "b3858": 7.143, "b3725": 30.395, "b0439": 20.174, "b3408": 20.178, "b2701": 1.2890000000000001, "b1913": 1.222, "b2287": 9.19,