{"apFAB964": 11.993655754722253, "apFAB827": 14.83255956500487, "apFAB889": 14.949814069818608, "Invitrogen_RBS": 16.085050248404773, "salis-3-3": 15.949129097191536, "apFAB894": 13.289207996105283, "apFAB892": 13.917688154884722, "BBa_J61136": 13.4490002504653, "apFAB923": 15.495811673410719, "BBa_J61134": 12.72678803134698, "salis-1-5": 15.977493122893934, "apFAB868": 12.561183998173618, "BBa_J61125": 12.224361267951974, "apFAB922": 12.601927540485894, "apFAB862": 14.656199915405967, "BBa_J61124": 11.931182206979178, "apFAB832": 14.398268390630314, "salis-1-1": 15.633251340507533, "BBa_J61119": 13.218089551709063, "apFAB854": 13.15409846607257, "GSGV_RBS": 13.520009538414168, "B0034_RBS": 16.19206663773429, "BBa_J61131": 12.272456814500089, "BBa_J61110": 13.859659628936518, "JBEI_RBS": 16.200450991114753, "salis-4-2": 15.611415527205962, "apFAB872": 13.770858562655434, "BBa_J61132": 14.486981648933149, "apFAB820": 14.892929314535243, "apFAB895": 12.327613188836763, "salis-2-3": 16.261420368752635, "BBa_J61112": 13.800089870339542, "apFAB856": 13.431828479091312, "BBa_J61115": 13.939031652607879, "BBa_J61104": 13.914816058956495, "BBa_J61107": 12.728047105124032, "BBa_J61101": 11.908726167743128, "apFAB876": 14.392412035478783, "apFAB927": 14.347348085386267, "apFAB884": 15.450508074857572, "apFAB845": 14.544687031048191, "salis-1-3": 15.685442643475243, "BBa_J61133": 11.164633296414133, "BBa_J61127": 14.041061518932377, "GSG_RBS": 13.586008258778635, "apFAB903": 13.462745048149506, "apFAB837": 15.423990214445954, "apFAB834": 15.693433403021533, "Plotkin_RBS": 15.081682020846845, "apFAB844": 13.722136009060144, "BBa_J61130": 12.378199478511663, "BBa_J61126": 13.096674630180877, "apFAB871": 10.65739392557914, "apFAB867": 13.502548275582063, "apFAB864": 11.792067354512163, "BBa_J61137": 13.50581821089695, "Alon_RBS": 14.736223632969194, "BBa_J61139": 11.726940369712215, "apFAB918": 13.184056928861743, "apFAB839": 15.469878186493261, "BBa_J61100": 14.48896613385511, "BBa_J61128": 12.690586042912344, "apFAB833": 15.139578877458321, "BBa_J61113": 14.08792503092218, "B0032_RBS": 13.293574049082617, "apFAB873": 12.106655286556368, "apFAB860": 14.217140080857225, "apFAB917": 15.607438364105194, "DeadRBS": 9.688077620407192, "BBa_J61129": 13.529111680212297, "apFAB901": 13.899430274351928, "apFAB869": 12.89539960585187, "apFAB914": 12.889639710816672, "apFAB863": 15.400743946122992, "salis-4-4": 14.557011651188741, "apFAB916": 15.309642762759829, "B0030_RBS": 16.227196414642332, "apFAB912": 15.003722028119542, "apFAB843": 11.681154379309003, "apFAB883": 14.149038828142752, "apFAB904": 15.435143708723958, "BBa_J61111": 13.93077743419007, "BBa_J61103": 12.801883748632699, "apFAB866": 14.108644012495931, "apFAB954": 14.540293365994552, "apFAB851": 15.174859006802512, "apFAB842": 15.519658877210338, "BBa_J61118": 12.276152846278489, "apFAB909": 14.859414373430653, "salis-3-11": 12.120074870626224, "BBa_J61108": 14.076163535525076, "Anderson_RBS": 14.267496556873162, "apFAB857": 15.11893831888606, "BBa_J61122": 13.729353438530993, "salis-2-4": 15.468916608765518, "apFAB861": 14.908722658677007, "apFAB890": 12.31507089470192, "salis-4-7": 15.550419726304968, "BBa_J61109": 12.734004556007674, "BBa_J61120": 12.829086058951024, "Bujard_RBS": 15.938350020935484, "salis-1-21": 16.309236181392617, "apFAB826": 13.663301897266656, "BBa_J61106": 14.35392607406244, "apFAB910": 14.558675856862726, "salis-1-10": 15.998489101255668, "apFAB865": 14.16522126816805, "apFAB821": 12.867606198672986, "apFAB848": 14.929912720678793, "apFAB831": 15.182144034132255, "salis-4-10": 15.180245680179675}